idStadium , libelle , totalPlaces ,  address , idCity
1,Lake Karey Stade,83459,YostPaulinaportBosnia and Herzegovina,1
2,Romaguerashire Stade,54674,WeissnatGreenfeldervilleSierra Leone,2
3,South Anishastad Stade,51356,SpencerLake MarioviewBurundi,3
4,Camilafort Stade,45633,GleichnerPricefortSao Tome and Principe,4
5,South Anibalshire Stade,9897,TorphyStromanstadCote d'Ivoire,5
6,East Ladawn Stade,15217,KoelpinEast LuigichesterPakistan,6
7,New Sergioport Stade,20862,WiegandKutchmouthEstonia,7
8,South Cleo Stade,44052,ZemlakFilibertoburghTanzania,8
9,Davisstad Stade,19483,RatkeO'ReillychesterSenegal,9
10,Kuhlmanport Stade,7200,BednarSyreetaboroughFrench Polynesia,10
11,Lake Dexterchester Stade,75406,DonnellyWelchfurtVirgin Islands, British,11
12,Port Kelvin Stade,19056,FeestLake GaylechesterSweden,12
13,Moenfort Stade,40974,BrakusNew KendrafortThailand,13
14,South Marna Stade,12622,BarrowsSouth SammouthBrazil,14
15,Port Cedrick Stade,18378,RippinNew JeromefortGermany,15
16,Wizatown Stade,45497,MaggioCasandraboroughNigeria,16
17,Vonville Stade,80148,BalistreriHeathcoteboroughNew Caledonia,17
18,North Loreanland Stade,86797,LubowitzSouth LibertyKazakhstan,18
19,New Olive Stade,51160,FaheyNumbersshireSao Tome and Principe,19
20,Nienowstad Stade,25362,BlickLake JameNorfolk Island,20
21,Ivoryhaven Stade,35936,LowePort DongchesterBelgium,21
22,Migdaliafort Stade,6236,KunzeNew TrudiemouthMauritania,22
23,Lake Jerrodview Stade,90675,WardNorth JoesphburyGuam,23
24,Leport Stade,62244,SchmittSouth DuaneburyHoly See (Vatican City State),24
25,Hoppeland Stade,76902,SkilesVonportNicaragua,25
26,Candyport Stade,57153,GerlachNorth ChantallandKiribati,26
27,Port Kristelstad Stade,37125,SchneiderWest SammyportNorthern Mariana Islands,27
28,Murphyside Stade,41013,PadbergSouth AdenaportMaldives,28
29,New Rodrigofort Stade,62304,KshlerinPort CatrinaFrench Polynesia,29
30,North Eugeneberg Stade,65252,LittelPort TressastadGreece,30
31,Lake Robert Stade,23688,WhiteNew ArlettaReunion,31
32,Robertsmouth Stade,63701,RueckerGustavochesterJersey,32
33,Andersonfurt Stade,81902,BeattyWest RafaelaGuyana,33
34,Roobbury Stade,5365,BoyleRobinlandMaldives,34
35,Tedtown Stade,43264,CristKendrickfortBurundi,35
36,North Caterinaport Stade,32949,SipesPort DorischesterMicronesia,36
37,Port Hyacinthville Stade,8281,BuckridgeNorth CherrilandMali,37
38,Wintheiserborough Stade,99440,LeannonEast LynCentral African Republic,38
39,Bryceport Stade,95472,StiedemannNorth ShellyhavenMongolia,39
40,New Pierre Stade,46950,MoenPort MagdalenhavenYemen,40
41,Satterfieldhaven Stade,32378,BotsfordPrincesideSierra Leone,41
42,North Ervinside Stade,80313,JerdeMaurostadMexico,42
43,Cindishire Stade,61134,HyattRunolfsdottirtonAzerbaijan,43
44,North Wilford Stade,9994,NolanNew EdwinNew Caledonia,44
45,Port Elfriede Stade,93251,MurphyMullermouthMexico,45
46,East Khalilahberg Stade,19999,GoldnerNorth HarveyIsrael,46
47,East Veniceport Stade,51016,CorwinSouth MarquisboroughPuerto Rico,47
48,West Brice Stade,37335,HeathcoteEast SidChristmas Island,48
49,South Shameka Stade,24700,HesselCarolvilleThailand,49
50,East Mireya Stade,69646,BeerGerardchesterHaiti,50
51,New Hipolito Stade,40064,WilliamsonCartertonHaiti,51
52,South Britney Stade,37189,TremblayWest DiaviewBouvet Island (Bouvetoya),52
53,Lednershire Stade,81747,DibbertLake VernieSierra Leone,53
54,New Renefurt Stade,23327,LindgrenLake CruzMartinique,54
55,Schoenfurt Stade,25970,OndrickaWest JameGuadeloupe,55
56,West Chetview Stade,76628,JohnsonBartonvilleNew Caledonia,56
57,South Jacqui Stade,35655,JohnstonPort KarrenAlgeria,57
58,North Lenardborough Stade,57854,WalterWilkinsonburghFalkland Islands (Malvinas),58
59,Lake Freddiehaven Stade,51080,GrahamMarvinmouthSvalbard & Jan Mayen Islands,59
60,West Donya Stade,67315,O'ConnellMitchellportMauritius,60
61,East Cecil Stade,93865,ReingerLincolnfortNetherlands,61
62,West Abel Stade,81552,BalistreriSouth RosamondchesterTaiwan,62
63,South Alverachester Stade,27633,AltenwerthKuhnbergMyanmar,63
64,South Myleston Stade,38588,LockmanBergetownTunisia,64
65,West Shane Stade,72170,GrahamFrancescoviewAnguilla,65
66,Nanachester Stade,61807,AufderharPort EarleAustralia,66
67,Timmyview Stade,66201,WhiteKunzeburghRwanda,67
68,Swaniawskiburgh Stade,56491,GoodwinEast InesLithuania,68
69,Willmsmouth Stade,99060,BarrowsWest ArlenportThailand,69
70,West Demetriusfort Stade,7050,BahringerKemmerchesterTogo,70
71,Jeanettehaven Stade,67261,WalterCruickshankboroughMonaco,71
72,Lionelfort Stade,75493,RoobFidelsideVenezuela,72
73,Nickfurt Stade,17894,WeissnatPort ZitaZimbabwe,73
74,Gislasonfort Stade,60370,D'AmoreSouth EliasEgypt,74
75,West Rayfordmouth Stade,5990,LednerEast ScarlethavenAngola,75
76,Port Sebastian Stade,93140,HudsonNew JuanaCzech Republic,76
77,Jamiehaven Stade,21203,GoyettePort CathrynmouthMoldova,77
78,New Sharice Stade,2472,HoppeHandburyPhilippines,78
79,Jaymouth Stade,39793,LeuschkeWest GiuseppeMyanmar,79
80,Dietrichview Stade,77115,QuitzonHeaneybergChina,80
81,Dewittchester Stade,49330,BahringerLake ChristinMoldova,81
82,Abernathyland Stade,77919,WilkinsonWest SharenchesterBosnia and Herzegovina,82
83,Gitafurt Stade,99405,JenkinsBobbitownBosnia and Herzegovina,83
84,North Odiston Stade,72301,BayerNew NelliechesterSaudi Arabia,84
85,Mayertborough Stade,28598,GorczanyFletcherburghMauritania,85
86,Doylemouth Stade,58219,HackettRusselhavenUganda,86
87,Chadmouth Stade,17908,StantonSouth RayhavenMalta,87
88,Tamieton Stade,21477,SchoenBatzvilleFaroe Islands,88
89,East Lutherfort Stade,48257,HilllNew MelaineVirgin Islands, British,89
90,Lake Juan Stade,54219,HarveyNorth SantosboroughBurundi,90
91,Jayeport Stade,23784,SchambergerNew LomaviewGuam,91
92,Lake Jeanfurt Stade,74559,SauerSibylchesterIceland,92
93,East Andyport Stade,28040,CrooksEmmerichmouthNew Zealand,93
94,Jaskolskihaven Stade,70653,AltenwerthPort OzzieNew Zealand,94
95,Lake Adammouth Stade,8164,HoegerWest CristobalburghGuinea,95
96,North Allenville Stade,55968,KossErminiaviewNetherlands,96
97,Durganfort Stade,23431,KonopelskiTrinityburyFalkland Islands (Malvinas),97
98,Mervinmouth Stade,76896,NaderJosefburyNorway,98
99,Port Cindie Stade,38639,HyattColechesterCuba,99
100,Pacochaville Stade,55709,KochSouth RussellCzech Republic,100
101,VonRuedenside Stade,59586,HuelLake QuyenNicaragua,101
102,North Wavastad Stade,89526,GrahamBotsfordfortTogo,102
103,Gerardoborough Stade,4849,KunzeWillardsideItaly,103
104,McDermottton Stade,84949,RogahnZiemannburghBarbados,104
105,East Colby Stade,86748,KozeyEast ScottyboroughGreece,105
106,Port Jinachester Stade,92103,SchmittAdanlandLesotho,106
107,Hackettport Stade,33505,FeestO'ConnellstadBelize,107
108,Hageneschester Stade,83603,CollierNew ManualtonLesotho,108
109,Daltonview Stade,27265,MedhurstGeoffreysideSan Marino,109
110,Port Roxyborough Stade,9789,SchillerLake LajuanaMali,110
111,Omarmouth Stade,32073,SwaniawskiSouth DoriaAntigua and Barbuda,111
112,Bednarland Stade,62002,GrimesNew AdahchesterRwanda,112
113,Boyleshire Stade,64915,LindWest FrancisportLesotho,113
114,West Sungberg Stade,17483,BreitenbergEast LesleyburyBrazil,114
115,West Penny Stade,18403,FritschWisokymouthCote d'Ivoire,115
116,Tamarastad Stade,23253,FunkClarenceviewAruba,116
117,Halvorsonmouth Stade,99840,LynchPort FreemanGuyana,117
118,New Henriette Stade,7227,O'KonNorth ModestoDominica,118
119,West Wendolynside Stade,4608,KihnNew TaylorfurtUganda,119
120,New Norbertfurt Stade,72151,SimonisNorth MaynardSerbia,120
121,Bashirianmouth Stade,54233,WelchEast MarcelluschesterPuerto Rico,121
122,Port Michelinaview Stade,77957,McLaughlinPort BenniefurtAntigua and Barbuda,122
123,Stracketon Stade,70398,AufderharIleenshireEcuador,123
124,Saultown Stade,48225,O'ConnerElwoodfurtWallis and Futuna,124
125,Shanikamouth Stade,28658,RennerPort KarenbergHaiti,125
126,New Buckshire Stade,9111,BinsSouth RachealGeorgia,126
127,Port Donnell Stade,34456,SchneiderSchadenboroughChile,127
128,New Hisako Stade,71087,MillerGorczanymouthAntarctica (the territory South of 60 deg S),128
129,Williamton Stade,2210,GradySouth GilmahavenAzerbaijan,129
130,Port Bobmouth Stade,42821,PurdySchroederlandSwaziland,130
131,East Rigoberto Stade,42083,SatterfieldWolftownZimbabwe,131
132,Wymanburgh Stade,63104,O'ConnellNancylandCongo,132
133,Denisseberg Stade,15230,SkilesClaudiesideEgypt,133
134,East Noeliastad Stade,49023,PacochaJudithbergSyrian Arab Republic,134
135,Emoryburgh Stade,85797,BayerLloydshireGrenada,135
136,Lake Sonyaville Stade,18988,McGlynnEast BradlyburghWallis and Futuna,136
137,West Wm Stade,86094,MarksShirleytonTurkey,137
138,Andresville Stade,97526,HyattLynchshireTanzania,138
139,West Valarieberg Stade,1809,O'KeefePatriciafortMalta,139
140,Lake Fritzchester Stade,98241,SchultzLake AmeefortBahamas,140
141,Hayesfurt Stade,92417,D'AmoreKreigermouthIran,141
142,Rennermouth Stade,36301,MohrJerdefortGeorgia,142
143,Johnsville Stade,15507,BoganCorkerysideBrunei Darussalam,143
144,Hammeschester Stade,17005,KohlerEast VirgilhavenMicronesia,144
145,Marvinton Stade,81709,BernhardShanemouthCayman Islands,145
146,New Doyle Stade,21801,AbernathyRodriguezhavenSudan,146
147,Mohrville Stade,94294,NicolasVanettaportBritish Indian Ocean Territory (Chagos Archipelago),147
148,North Glyndachester Stade,52140,ThompsonEfrenboroughJapan,148
149,Antoniaborough Stade,97322,ColeMilanlandMontenegro,149
150,Harberside Stade,11545,DavisNorth KareyArmenia,150
151,Port Rosalind Stade,65346,CormierNew ThelmaboroughJordan,151
152,South Hungstad Stade,72037,GorczanyNew HugoburyLithuania,152
153,South Pazmouth Stade,58102,StiedemannBeierfurtSenegal,153
154,Port Melvinside Stade,84020,DavisBartonhavenCzech Republic,154
155,South Marlenafort Stade,54653,HellerWest JarvisGuyana,155
156,Port Marlonmouth Stade,52663,BoscoDaremouthMacao,156
157,West Jodistad Stade,64153,TillmanNorth KeenachesterMongolia,157
158,Medhursthaven Stade,31425,GoyetteNigelbergPuerto Rico,158
159,West Lizeth Stade,53565,CrooksDerrickbergEcuador,159
160,New Leopoldoland Stade,82368,HegmannCroninchesterFrance,160
161,Port Danita Stade,64975,BoehmLednerburghBouvet Island (Bouvetoya),161
162,Shirlenefort Stade,69553,CollierIvanbergGuinea-Bissau,162
163,Enochland Stade,48379,MrazNew KeshiafortGuinea,163
164,New Madeleinebury Stade,77101,JohnsKesslerboroughHonduras,164
165,West Claribelmouth Stade,32608,LefflerDallasstadFinland,165
166,Pansymouth Stade,80398,ConnWolfsideBosnia and Herzegovina,166
167,Fisherberg Stade,82629,HickleHansenfurtJordan,167
168,North Ruebenburgh Stade,5040,O'KonKemmerfortNauru,168
169,South Alaina Stade,1839,MrazNew MyeshasideGibraltar,169
170,Rooseveltview Stade,66409,HyattOlenehavenCongo,170
171,West Cherylfurt Stade,98031,KihnWittingviewArgentina,171
172,Prestonland Stade,74572,LittleEast MerlinEcuador,172
173,Debbiemouth Stade,25241,JacobsonValarieburyTajikistan,173
174,Sumikofurt Stade,71303,LueilwitzPort WilsonsideEritrea,174
175,Leroyton Stade,55153,MurazikRusselfortSingapore,175
176,Lancemouth Stade,25282,CarterNew GarrettvilleBangladesh,176
177,Fayton Stade,4192,LegrosMakedatownSudan,177
178,Tiffanyview Stade,64174,BlandaHagenesvilleZimbabwe,178
179,West Mirianburgh Stade,50150,GleasonWest CecilNiue,179
180,Wittingstad Stade,30821,HuelsPort StanleyChad,180
181,Lake Esta Stade,20031,SpinkaCasandrabergMali,181
182,Abernathyburgh Stade,50944,MurazikSouth DanialParaguay,182
183,Reginaldville Stade,6642,HayesWest DennymouthLiechtenstein,183
184,East Columbusbury Stade,87520,PollichEast NicholasTurkey,184
185,Lake Julian Stade,48115,PadbergLake ShonfurtMauritius,185
186,Joeyside Stade,62870,LebsackEast HalfortSolomon Islands,186
187,Murielburgh Stade,47912,MillsMiltonlandGibraltar,187
188,West Felicitas Stade,73123,HowellNew DenverUruguay,188
189,Strackebury Stade,89361,JenkinsNew TenniechesterCocos (Keeling) Islands,189
190,North Len Stade,85415,EffertzEast BarabaraburyNew Caledonia,190
191,Nohemitown Stade,63244,AuerNew ShermanSomalia,191
192,Olenechester Stade,77901,KohlerYostmouthGuadeloupe,192
193,South Laraineborough Stade,47454,KiehnSouth ArlenebergRussian Federation,193
194,West Annettville Stade,79389,DickensSouth BeauCroatia,194
195,West Hueyville Stade,15946,SmithNew TreasatownBurkina Faso,195
196,South Pete Stade,51035,RunteNew MadieburyBelize,196
197,East Annamarie Stade,57677,JacobiWest MilfordLesotho,197
198,North Evon Stade,96529,OberbrunnerNew TondaRussian Federation,198
199,Port Lowelltown Stade,56988,KautzerMetzviewIran,199
200,Gradyview Stade,48847,HuelFarrellmouthBermuda,200
201,New Antonborough Stade,73194,AbbottPollichvilleJamaica,201
202,Meldaville Stade,67978,BoyleNorth ClementechesterBrunei Darussalam,202
203,Lake Mohammed Stade,71958,MohrSangburghPanama,203
204,West Sheilah Stade,73253,RobelSouth CarolanntonIndonesia,204
205,East Jeniceland Stade,6226,WatersLake NanniechesterKuwait,205
206,Tereasamouth Stade,91883,DenesikPort PeggieEl Salvador,206
207,East Connie Stade,507,WhiteUlyssesportBahamas,207
208,Spinkamouth Stade,76505,CreminNorth WilliamsfortIran,208
209,North Drewside Stade,67456,BernierDarnellburyGhana,209
210,Hongport Stade,10001,BernierPort NumberstownCambodia,210
211,Ricetown Stade,55635,KundeBraunviewMadagascar,211
212,Inabury Stade,56404,JohnstonPort CharleyPalau,212
213,New Chaseton Stade,32486,WisokyOlsonlandTanzania,213
214,Leopoldoview Stade,5122,HermistonNorth JamieMacao,214
215,South Laronda Stade,57894,HeidenreichKuhnshireGuernsey,215
216,East Anjanetteland Stade,77840,DibbertLoriaviewRwanda,216
217,Kemmerport Stade,23681,RogahnWest RobertoNetherlands Antilles,217
218,North Remona Stade,89501,KassulkeEast AllanSaint Martin,218
219,North Wilbert Stade,82704,SimonisConnsideNiger,219
220,Noelleport Stade,82735,MacGyverDonaldchesterDominican Republic,220
221,Flatleytown Stade,3453,EffertzLake JohnnieRomania,221
222,Ritchietown Stade,73491,SpinkaSouth FabiolashireIceland,222
223,Pearleneborough Stade,51579,FeeneyVerlietownCosta Rica,223
224,Rickiton Stade,79016,YostKrajcikbergMicronesia,224
225,Port Raphael Stade,95276,GloverSouth MargaritoIraq,225
226,New Larraine Stade,70339,GerholdNew LeotaHungary,226
227,North Houstonport Stade,98742,MooreWolfsideSan Marino,227
228,New Jeanene Stade,77360,AbernathyRuebenbergGuyana,228
229,Lake Mattmouth Stade,57946,LarsonNew SavannafortMozambique,229
230,North Lonnietown Stade,40947,LuettgenEast FranklinAustria,230
231,East Heeborough Stade,18286,VeumMargovilleBurkina Faso,231
232,Haneton Stade,35628,O'KeefeStammburghBelarus,232
233,Weberview Stade,56432,KuhlmanPort MaximostadNigeria,233
234,Larrytown Stade,21901,SwiftNorth PhyllisbergEstonia,234
235,Mohrview Stade,32803,ShanahanWest HarrisonIsrael,235
236,Ricemouth Stade,30382,O'ConnerSouth FeliceBosnia and Herzegovina,236
237,Weissnatmouth Stade,62884,TillmanBergesideSaint Helena,237
238,Rockybury Stade,11061,LoweSouth MichaelasideSaint Kitts and Nevis,238
239,Lehnerside Stade,16105,HerzogPort MarquitaAnguilla,239
240,New Ednaland Stade,75074,GleichnerEast RusschesterFrench Guiana,240
241,Greenfelderview Stade,94234,BechtelarBauchhavenAntigua and Barbuda,241
242,Dickensmouth Stade,29894,BuckridgeNicolettechesterRepublic of Korea,242
243,Jaskolskichester Stade,10508,SanfordKrajcikhavenEquatorial Guinea,243
244,East Garretland Stade,10780,O'HaraChristophermouthKazakhstan,244
245,Simonismouth Stade,36118,BeierSouth OrenParaguay,245
246,Alyciahaven Stade,20785,BoyerSengerburghPapua New Guinea,246
247,Sueannborough Stade,36652,ChristiansenNew MarcchesterAmerican Samoa,247
248,Creminside Stade,46922,DurganRebbeccaboroughGuinea,248
249,North Jeanine Stade,70063,TremblayThomassideDenmark,249
250,Hermanburgh Stade,57582,LangoshWest NomaAzerbaijan,250
251,Boehmburgh Stade,51843,BayerMarlaburyNetherlands,251
252,Andreamouth Stade,53729,KesslerWest BryanportAngola,252
253,Johnnieton Stade,72842,BartolettiSonnymouthSolomon Islands,253
254,North Steventown Stade,27107,HeaneyBarttownFiji,254
255,Markston Stade,80974,HartmannJerdemouthSaint Vincent and the Grenadines,255
256,O'Konburgh Stade,89418,BashirianBruensideGreece,256
257,South Gustavo Stade,91178,VeumBradlychesterKiribati,257
258,Sipesport Stade,92714,HeaneySouth IdellaBenin,258
259,West Annamae Stade,46081,JonesFerrymouthDjibouti,259
260,Kirbyport Stade,22792,PaucekNew AmberlybergParaguay,260
261,Lake Alexmouth Stade,90982,KilbackMaggioviewSomalia,261
262,East Virgiehaven Stade,62256,RempelJillhavenEritrea,262
263,Janetberg Stade,93978,DickensLaurantonMalta,263
264,Casperhaven Stade,4582,BradtkeBeatastadKazakhstan,264
265,Lake Noel Stade,77417,ErdmanEast LupeAntarctica (the territory South of 60 deg S),265
266,Bergestad Stade,4308,JohnsonSouth FloKiribati,266
267,New Jean Stade,54183,RomagueraStammburghChad,267
268,Kimberg Stade,78652,KrajcikNew GiseletonChile,268
269,South Dorian Stade,67883,RolfsonBahringervilleSwaziland,269
270,Wehnerton Stade,6773,PadbergDuBuquetownLibyan Arab Jamahiriya,270
271,South Billy Stade,78633,MoenNorth WilliamburyMontenegro,271
272,Ortizburgh Stade,58380,StromanLake ReginaldvilleLiberia,272
273,Arlindaport Stade,89613,GutmannLake ThaddeusGhana,273
274,New Conchitaborough Stade,99545,WindlerWilkinsonmouthAfghanistan,274
275,Lake Anthony Stade,98693,BrekkeWaelchiburghTimor-Leste,275
276,South Antonia Stade,90157,DickensLake MervintonBelgium,276
277,West Ronnie Stade,19350,DarePriscillaboroughGreece,277
278,South Bevside Stade,63992,LueilwitzWest ToryviewSaint Vincent and the Grenadines,278
279,Pearlyton Stade,27997,KertzmannTerrancemouthLesotho,279
280,Schillerville Stade,30856,RolfsonEast TrinabergUkraine,280
281,South Lamontport Stade,38074,WelchEast DelltownSaint Vincent and the Grenadines,281
282,Port Cicely Stade,7414,McGlynnHammesviewGreenland,282
283,Buffystad Stade,60870,WardSouth KandisSan Marino,283
284,Rogahnshire Stade,33127,HowellCarrolhavenGuam,284
285,New Abel Stade,14406,BoscoWest ArmandoburghGrenada,285
286,West Sterlingside Stade,5354,KlockoRoscoeshireArmenia,286
287,Lockmanland Stade,43422,LednerWymanhavenLesotho,287
288,Batzland Stade,60722,HarberPattivilleBenin,288
289,Lake Reitaland Stade,98450,DuBuqueKuphalfortRussian Federation,289
290,Lake Janeanhaven Stade,69803,StoltenbergNorth AnnaleelandChristmas Island,290
291,Bernhardtown Stade,50579,HeidenreichSouth ClarenceportSingapore,291
292,Strackebury Stade,67340,McCulloughSouth SylviahavenEritrea,292
293,Rogeliofort Stade,48708,WisokyNorth GreggSweden,293
294,Johnathonshire Stade,30049,FisherHartmannvilleTuvalu,294
295,Emerychester Stade,93691,RusselWest LakenyafurtParaguay,295
296,East Patti Stade,32685,KertzmannDonnyfortAruba,296
297,Kochborough Stade,48791,WelchTeodorastadGeorgia,297
298,South Alexander Stade,26816,MurrayTremblaysideCayman Islands,298
299,Blickberg Stade,46644,PurdyTillmanfortJersey,299
300,Rennerport Stade,95492,DachMarcelluslandAmerican Samoa,300
301,Casperport Stade,5855,DickensAlexportTurkey,301
302,New Curtisborough Stade,44986,KautzerWuckertlandMozambique,302
303,Katherinatown Stade,90813,RodriguezNew MaxwellburghGrenada,303
304,Synthialand Stade,69560,TorphyAileenmouthAndorra,304
305,Georgestad Stade,24978,SatterfieldGregmouthHonduras,305
306,South Philipland Stade,83628,FarrellLake BernieceburghOman,306
307,Turnerside Stade,21305,TrantowEast SherribergItaly,307
308,East Corineberg Stade,69869,WolfWest DominicGermany,308
309,Michelinechester Stade,27415,KshlerinWest DonnSolomon Islands,309
310,Daniaview Stade,67942,SchusterQuintinburghFrance,310
311,McCulloughchester Stade,67343,HandMelvinchesterVanuatu,311
312,Creminmouth Stade,78782,CummingsWest LucasMorocco,312
313,Vandervortton Stade,18653,HarrisSouth SherymouthBurkina Faso,313
314,Port Arethamouth Stade,85417,KonopelskiDanellefurtPakistan,314
315,Beattyhaven Stade,73158,RoweSouth TuanmouthGambia,315
316,South Elliberg Stade,8977,McKenzieHayessideSwaziland,316
317,East Benedictburgh Stade,92556,CassinHilpertvilleNiger,317
318,East Brentonville Stade,83404,MosciskiNew BernardmouthSolomon Islands,318
319,Millardburgh Stade,51635,OlsonWest NanaburghWallis and Futuna,319
320,Ginoborough Stade,52905,WildermanAltenwerthfurtAfghanistan,320
321,Legroschester Stade,30349,SwaniawskiLockmanmouthPanama,321
322,Tracyview Stade,196,ZiemannDeanshireBarbados,322
323,East Vanchester Stade,14616,MorissetteEast WernerviewSaint Pierre and Miquelon,323
324,Boscochester Stade,24943,OkunevaSouth DamianAlgeria,324
325,West Gayleberg Stade,83420,RiceAleshahavenPuerto Rico,325
326,Dextershire Stade,29288,SatterfieldZemlakbergKiribati,326
327,Port Williamstown Stade,76144,JenkinsBarrowsfortMacedonia,327
328,Lake Jaeville Stade,65262,KassulkeLake BennyburghIsrael,328
329,East Jerold Stade,81694,KirlinErnsershireNepal,329
330,Treutelshire Stade,53716,ParkerWest QuincyshireBulgaria,330
331,Gaylordstad Stade,50064,StrosinWest EugeneportBulgaria,331
332,Schroederburgh Stade,73352,LubowitzAntwantonCroatia,332
333,Lake Otto Stade,39524,RohanEmileboroughTonga,333
334,Okunevaton Stade,65954,StammNew RobNew Zealand,334
335,Hirtheburgh Stade,79513,JacobsonKundemouthVirgin Islands, British,335
336,West Brentshire Stade,33153,BotsfordPort ZoilaBrunei Darussalam,336
337,Predovicton Stade,8141,KoeppMosciskiportBotswana,337
338,Lemuelview Stade,24433,SchambergerNorth HildefurtAfghanistan,338
339,West Tomeka Stade,93244,SchadenSouth ProvidenciaJordan,339
340,Winfordside Stade,58846,PriceTrenasideIran,340
341,Schroederton Stade,84110,PriceNickolasportTunisia,341
342,Port Fidel Stade,88716,WolffSouth AdahTrinidad and Tobago,342
343,Milesfort Stade,27272,LegrosGarrymouthKazakhstan,343
344,New Maribelfort Stade,79937,RutherfordNorth ZulashireBangladesh,344
345,Murrayshire Stade,21193,BergnaumRenelandMartinique,345
346,West Alfonso Stade,43362,TremblayKalafortSeychelles,346
347,Michaleland Stade,55545,BahringerSouth JerryburghHoly See (Vatican City State),347
348,Dillonborough Stade,87075,EmmerichWaterschesterIran,348
349,Boyerport Stade,70341,PriceNorth StewarthavenSaint Kitts and Nevis,349
350,West Lorenzoshire Stade,27482,EbertPort GinaBrazil,350
351,Okunevaland Stade,54270,KubLake MignonNauru,351
352,Schusterville Stade,13436,GibsonCrooksbergComoros,352
353,North Wilbertton Stade,33462,GreenholtBoyleportGabon,353
354,East Terry Stade,86611,VonRuedenPort HanhtownGermany,354
355,Zulmabury Stade,97949,MurazikBenniechesterSaint Kitts and Nevis,355
356,Kuphalberg Stade,20959,MetzLake JedlandCanada,356
357,Sherriside Stade,18978,TowneLake ReyeslandSaint Martin,357
358,Clotildemouth Stade,4239,O'ReillyManntonTaiwan,358
359,West Belinda Stade,66812,WiegandNew DillonSri Lanka,359
360,Koelpinmouth Stade,77409,WilliamsonMarioburyTurkey,360
361,North Fernandoport Stade,21805,CruickshankWest MorgansideSaint Vincent and the Grenadines,361
362,Hiltonport Stade,81931,BeckerNew ForrestbergMalawi,362
363,West Olin Stade,72530,VonLake GiaLesotho,363
364,Barrowsburgh Stade,42372,CrooksNew ConceptionchesterYemen,364
365,Lake Rodolfoside Stade,28627,BeckerNew GretchenTuvalu,365
366,Nestorfort Stade,85238,BoganNorth IraCyprus,366
367,Kosstown Stade,93439,HeathcoteNew VonfortEstonia,367
368,Bryontown Stade,50816,AltenwerthNew EugeniamouthGuyana,368
369,Deckowberg Stade,31560,BayerCharlenaburyAntarctica (the territory South of 60 deg S),369
370,Murazikview Stade,49313,WisozkWest SonsideAndorra,370
371,Lake Paige Stade,14068,O'HaraRogahnmouthDjibouti,371
372,New Will Stade,35926,MosciskiLake OmarCosta Rica,372
373,Lake Melvinastad Stade,7362,KilbackKylemouthEthiopia,373
374,Port Guy Stade,35601,AbshireErnservilleTokelau,374
375,Vitaville Stade,94555,JaskolskiPort EmilZambia,375
376,Framifurt Stade,69682,DaughertyKesslertownPeru,376
377,Parkerville Stade,68874,BarrowsWest KorychesterBurkina Faso,377
378,Krajcikchester Stade,99122,DenesikAlaneburghMoldova,378
379,Michealburgh Stade,49916,WardSouth RobertoUkraine,379
380,Sylvestershire Stade,71657,LoweNew ChristopherchesterPuerto Rico,380
381,Troyhaven Stade,80112,BalistreriWeimannmouthOman,381
382,Lynchland Stade,38061,DickinsonPort ShadChristmas Island,382
383,Caseyshire Stade,33530,HermanLangworthshireSomalia,383
384,Cummingsmouth Stade,52733,HansenNorth JodieChile,384
385,West Marlinside Stade,79259,PaucekLake DwayneviewLatvia,385
386,New Alesia Stade,35580,MarksEast RayviewEcuador,386
387,Boscoland Stade,15820,SchummHackettportNorthern Mariana Islands,387
388,Justinside Stade,45873,BrownBessmouthTurkey,388
389,Benjaminport Stade,23872,ColeLake GeorgiannmouthItaly,389
390,Schadenfort Stade,33285,BoyleLorileefurtSolomon Islands,390
391,Reyesside Stade,47080,RueckerWest KrisPhilippines,391
392,Gloverberg Stade,83559,JastNew JenevabergParaguay,392
393,Dickinsonberg Stade,30943,KreigerJanisesideSaint Vincent and the Grenadines,393
394,Runtestad Stade,429,MrazNorth NewtonBritish Indian Ocean Territory (Chagos Archipelago),394
395,Janisemouth Stade,89124,TreutelLake AnnettatonChristmas Island,395
396,North Branden Stade,14048,WildermanSouth NevilleboroughNetherlands,396
397,Handville Stade,72881,GoldnerEast HaroldMonaco,397
398,New Colemanchester Stade,18973,BogisichWest SusanafortUruguay,398
399,North Tristanborough Stade,563,KlockoSchillersideSingapore,399
400,North Isiahville Stade,48912,PacochaAbshirefurtGambia,400
401,West Arlenshire Stade,31101,BashirianEast EugenioBosnia and Herzegovina,401
402,Sauerchester Stade,68927,PriceAprilportBurundi,402
403,Ladymouth Stade,97435,FisherCliftonfortSao Tome and Principe,403
404,Franciscaside Stade,81245,ZboncakEast TianasideRwanda,404
405,Maggioberg Stade,18153,KautzerNew BasilfurtTokelau,405
406,Lake Mariveltown Stade,44435,BeahanHeathmouthHaiti,406
407,North Larainemouth Stade,77758,BoehmVergieburyNicaragua,407
408,Alvarofurt Stade,91966,RusselCodistadPuerto Rico,408
409,Port Marceloton Stade,10514,GutmannPort MortonvilleCanada,409
410,North Shanhaven Stade,1681,CorkeryRippinviewGreenland,410
411,Marquettafurt Stade,78349,YundtLake OrethaAntigua and Barbuda,411
412,Jerrellshire Stade,16816,WalkerSouth LesterboroughSaint Kitts and Nevis,412
413,North Ashlie Stade,7490,HauckWest CierafortSaint Barthelemy,413
414,Boyceborough Stade,8118,AnkundingNew OzelltonEcuador,414
415,Mariochester Stade,30908,HeaneyHilllfortLebanon,415
416,New Retta Stade,97149,BechtelarEast EffietownItaly,416
417,West Rosalina Stade,41459,AdamsColetownSomalia,417
418,Nolanland Stade,71682,BoehmPort HymanburghSingapore,418
419,Dariafort Stade,95963,WalterFramiburghNicaragua,419
420,Lake Jerrold Stade,14738,BlandaNew ZacheryChile,420
421,Blickmouth Stade,83777,TillmanSouth SophieNew Zealand,421
422,Port Bernie Stade,1062,KutchCurtistonAlbania,422
423,Gulgowskiport Stade,44133,BraunKurtistonTajikistan,423
424,Jamesfort Stade,97760,DanielNew BeulalandEquatorial Guinea,424
425,North Keenanborough Stade,21293,DuBuqueNew WillyburghTaiwan,425
426,West Elwoodville Stade,31138,CreminSonnymouthMauritius,426
427,East Aundrea Stade,64661,BeckerZiemeviewRussian Federation,427
428,Port Luna Stade,24071,HagenesNew BennieburyLatvia,428
429,Port Junie Stade,12226,HamillEast TandyportAustria,429
430,Augustuschester Stade,68401,CrooksLinotonMoldova,430
431,Williamsonton Stade,54425,WolffWest MelanifurtSwitzerland,431
432,Kaseystad Stade,70934,HandEast WinstontownLatvia,432
433,East Desmondfort Stade,16591,BayerPort JayfurtNiger,433
434,Tuanstad Stade,72439,ParisianMosciskistadLesotho,434
435,Casperfort Stade,82854,StammElvishavenCyprus,435
436,Lizbethshire Stade,71531,WunschWest NicholasfortNew Zealand,436
437,Herzogfurt Stade,38243,SchneiderSchuppemouthDominican Republic,437
438,Hermistonmouth Stade,78611,BrekkeSouth CecilburyKyrgyz Republic,438
439,O'Keefestad Stade,99485,FerryJoesphportEgypt,439
440,Galeshire Stade,5786,CronaRoymouthTogo,440
441,Zemlakport Stade,90033,GerlachNew VitafurtBrazil,441
442,South Sharron Stade,91290,UllrichNorrisfurtMauritius,442
443,Jermaineshire Stade,34529,AndersonSouth RickieNepal,443
444,North Lester Stade,50564,KohlerLake JacqualineNicaragua,444
445,New Clemente Stade,44522,HuelsBartellshirePakistan,445
446,Tamalafurt Stade,54795,MullerRueckerfortWestern Sahara,446
447,Hackettburgh Stade,92249,WiegandLake LucienAlbania,447
448,Port Netashire Stade,57538,PagacNienowbergDjibouti,448
449,Cortezmouth Stade,52112,MohrPort MertietownMicronesia,449
450,Goodwinfort Stade,7618,TurcotteStoltenbergfortBosnia and Herzegovina,450
451,North Adam Stade,95973,EffertzGaynellhavenVirgin Islands, British,451
452,West Oliver Stade,45751,WisokyJudetownMauritania,452
453,Port Refugio Stade,24612,KerlukeNew RaisafurtAndorra,453
454,Hansenton Stade,45911,CarterDantemouthBelarus,454
455,Mayertland Stade,17053,HilllLemkefurtMalawi,455
456,Lake Shadside Stade,44061,FisherHeathcotefurtSao Tome and Principe,456
457,Bodefort Stade,16396,StammMirthaboroughHungary,457
458,Daleneville Stade,67709,CorkeryWest FelisaPapua New Guinea,458
459,Olahaven Stade,42043,SchulistSouth MachelleGeorgia,459
460,Lake Jarodchester Stade,90361,PredovicCassinsideSri Lanka,460
461,Howechester Stade,65559,GorczanyPort LawrenceBhutan,461
462,North Millieton Stade,49431,BeierWest InsideSwaziland,462
463,New Simona Stade,25032,NicolasEast HollyDenmark,463
464,Welchfort Stade,43442,MrazJacobiburghVirgin Islands, U.S.,464
465,Tobyview Stade,7337,StehrChiburyNicaragua,465
466,East Jeffreyland Stade,51197,StoltenbergPort GalenFalkland Islands (Malvinas),466
467,South Waneta Stade,92450,AltenwerthWillyfortAngola,467
468,West Leland Stade,59297,StromanTurcotteportCameroon,468
469,Franceshaven Stade,34269,CartwrightNew KorytonLatvia,469
470,Leschland Stade,54521,LubowitzPort OnitalandBouvet Island (Bouvetoya),470
471,New Donte Stade,9626,BrekkeInmouthCongo,471
472,Kiethberg Stade,6138,TreutelPort OliverchesterCyprus,472
473,Kutchville Stade,91277,LebsackHertaportWestern Sahara,473
474,New Erniestad Stade,69837,KreigerHarveymouthNew Zealand,474
475,Velmamouth Stade,60595,HansenKendahavenMacedonia,475
476,South Scarletport Stade,1989,LindLyndahavenNigeria,476
477,Lake Christopherton Stade,99629,PredovicSuzifortLuxembourg,477
478,Mardellview Stade,28029,JastNew KarrenmouthFiji,478
479,Bettyland Stade,96017,GrahamCelinahavenJersey,479
480,North Wynona Stade,36406,ZemlakShawanashireTurkmenistan,480
481,Lake Josefchester Stade,95823,DibbertPort NancieItaly,481
482,Lake Harlandberg Stade,13908,WeberPort TarynAngola,482
483,Huntermouth Stade,30186,DavisWolffmouthComoros,483
484,New Russell Stade,46558,LockmanEast AntonetteviewBurkina Faso,484
485,Weimannmouth Stade,2211,SawaynEast JeffersontonAnguilla,485
486,West Mikki Stade,27572,GoyetteSouth WilbertEgypt,486
487,Lake Reubenshire Stade,40310,CarterPort ErasmosideBenin,487
488,Lake Allyn Stade,82823,JerdeNorth ReidvilleRomania,488
489,Kesslerville Stade,41105,HermistonNorth NuCook Islands,489
490,Port Marylinchester Stade,11734,BergstromPaolaviewSuriname,490
491,Boydchester Stade,2323,PourosPort MiloshireEritrea,491
492,Port Porfirioshire Stade,91163,MertzJohnathonhavenEcuador,492
493,Port Laurene Stade,14596,EmardPort EnafurtDemocratic People's Republic of Korea,493
494,Tannermouth Stade,39164,BogisichPort JenellbergBolivia,494
495,Port Jonellhaven Stade,29837,MertzSergiotonMauritania,495
496,New Fernandotown Stade,27203,KutchNew RocioEstonia,496
497,Waelchiport Stade,53347,PaucekNorth LoisChina,497
498,North Karolynville Stade,20234,PfannerstillSchneiderburghEl Salvador,498
499,Wilkinsonbury Stade,7747,BaileyCelestaviewMaldives,499
500,Naderfurt Stade,10366,WehnerDickensvillePhilippines,500
501,Cameronborough Stade,48209,HegmannNew PercyvilleSouth Georgia and the South Sandwich Islands,501
502,Keshamouth Stade,71079,KshlerinNorth LacychesterTanzania,502
503,North Joshuaside Stade,24048,BodeWest AhmadburyTaiwan,503
504,Cummingshaven Stade,56702,OndrickaPort TawnyaGhana,504
505,Lake Alysia Stade,6670,KertzmannNew JoshuatownCongo,505
506,Lake Raleighchester Stade,48987,WalshEast ArleneportMali,506
507,Runolfsdottirbury Stade,80626,CummingsPort LizalandArgentina,507
508,Hilllberg Stade,97340,MannLake GiuseppeKazakhstan,508
509,East Roccofort Stade,35882,NitzscheLake LupitaboroughGuam,509
510,Conroyborough Stade,32426,ReillyNorth LeslieSaint Vincent and the Grenadines,510
511,North Clairfort Stade,37123,LangworthJohnsontownLuxembourg,511
512,East Larhondaton Stade,91725,CormierNorth KarleneUnited States of America,512
513,East Armandostad Stade,57122,BauchEast JeanMartinique,513
514,Wanetafort Stade,28260,SchmittEast LincolnfortDemocratic People's Republic of Korea,514
515,West Rex Stade,26224,StreichLake LaylaGreenland,515
516,New Broderick Stade,1883,SchowalterDenesikmouthLatvia,516
517,Lake Buckside Stade,59694,SengerNorth JongKiribati,517
518,South Evangelinaton Stade,30903,GulgowskiWalkerfortBelgium,518
519,Port Madelineside Stade,15447,BeattyEast KarenaMali,519
520,Port Bridgettmouth Stade,79077,HowellSouth DreamaUnited Arab Emirates,520
521,East Derickstad Stade,55499,GoldnerSouth DelphiaAntarctica (the territory South of 60 deg S),521
522,Franeckichester Stade,63205,JenkinsLake RomanKiribati,522
523,Rogelioview Stade,51255,GottliebSouth RaleighFrance,523
524,Lake Johnnie Stade,5715,LehnerNorth JaeChad,524
525,Kristophermouth Stade,18577,O'KeefeCreminchesterMauritania,525
526,South Kenton Stade,70250,HaleyVolkmanbergTunisia,526
527,Port Daniellafurt Stade,67128,BrakusBeckerburghMali,527
528,Lake Gastonville Stade,15256,GoldnerSouth BelensideBolivia,528
529,Albertaside Stade,19765,LarkinNew ErvinmouthPanama,529
530,Danteland Stade,21823,JaskolskiWelchportUzbekistan,530
531,East Fredric Stade,35551,WuckertChristianshireSudan,531
532,Louisehaven Stade,59187,PaucekCliffordbergNorthern Mariana Islands,532
533,Verntown Stade,46849,ErdmanWest JamiehavenTurks and Caicos Islands,533
534,Schultzfurt Stade,28529,FlatleyChaseburyBelgium,534
535,Luettgenfort Stade,44721,GreenfelderSouth MonteKenya,535
536,Homenickfort Stade,2359,RatkeNew IrvinmouthSvalbard & Jan Mayen Islands,536
537,Kubton Stade,96457,ZiemePagacchesterSao Tome and Principe,537
538,Ferrystad Stade,19238,FerryArmstrongmouthGreece,538
539,Sindyside Stade,81873,SpinkaSouth AdellBritish Indian Ocean Territory (Chagos Archipelago),539
540,Darrylhaven Stade,3852,MarquardtPort ErnestoGreenland,540
541,Port Ike Stade,91317,StoltenbergNew MariannabergSenegal,541
542,New Wilmer Stade,89111,LangoshCronatonBermuda,542
543,Gutkowskiland Stade,861,WisokyEast SeritashireUnited Kingdom,543
544,Shayneton Stade,15911,SpinkaKshlerinvilleBouvet Island (Bouvetoya),544
545,Tamerafurt Stade,49052,CollinsSmithviewMyanmar,545
546,New Galen Stade,52777,GusikowskiRodriguezmouthTurkmenistan,546
547,South Jeffburgh Stade,13520,QuitzonWest MarceloshireColombia,547
548,Tiffanystad Stade,31786,D'AmoreSouth AmosfortRwanda,548
549,New Fernando Stade,78117,DonnellyKubportPalestinian Territory,549
550,Luettgenberg Stade,48006,StarkSouth KrisBahrain,550
551,North Kaseyview Stade,11501,AdamsWest FawnDemocratic People's Republic of Korea,551
552,East Leonardo Stade,91080,WalshDouglasmouthVanuatu,552
553,Harberport Stade,94751,PacochaCarmenvilleColombia,553
554,East Neldaborough Stade,5377,RippinMillsfurtCzech Republic,554
555,North Jean Stade,16195,LarsonBarrowsboroughEstonia,555
556,South Isrealville Stade,38985,BlandaCorkerymouthLao People's Democratic Republic,556
557,Lake Benton Stade,62358,SchroederEast MaribethNamibia,557
558,South Willstad Stade,47472,DurganLake LawrencelandAustria,558
559,Keithhaven Stade,18630,ChamplinLake RosanalandGabon,559
560,New Rosendahaven Stade,36031,NitzscheJenisechesterMalaysia,560
561,South Shanita Stade,4824,HandVolkmanviewNorway,561
562,East Kathrin Stade,47625,KautzerAsleyburghGrenada,562
563,Marvisshire Stade,41212,RoweEast SalvadorSudan,563
564,Jarredmouth Stade,41363,ConsidineDerrickboroughGermany,564
565,Edwinton Stade,20026,WintheiserBeahanfortBangladesh,565
566,West Alesia Stade,55770,LarsonNew TimlandBotswana,566
567,Bartellport Stade,15644,HoppeLake TimothyshireLiberia,567
568,Herzogtown Stade,34775,KlingPort GennyBrazil,568
569,Bartellhaven Stade,7269,RogahnParkersideDenmark,569
570,Reichertstad Stade,70897,DaughertyWest VerenaSwaziland,570
571,Lake Ellsworthland Stade,12229,CassinWest ArielCyprus,571
572,Lake Glinda Stade,75780,RutherfordJakeboroughLatvia,572
573,West Juliana Stade,39444,BoehmTraciefurtLesotho,573
574,North Tonia Stade,7412,MurphyWest TraciechesterCape Verde,574
575,Trantowshire Stade,29968,RobertsJohnsonfortMayotte,575
576,Lake Emilia Stade,46419,GreenholtOliverlandCyprus,576
577,East Effiemouth Stade,60787,GleasonSchuppefurtTajikistan,577
578,Muellerside Stade,30554,JaskolskiTurnermouthMyanmar,578
579,West Wilton Stade,81784,BergnaumSyreetaburySingapore,579
580,North Andrea Stade,46009,ChamplinWest BrianhavenUnited Kingdom,580
581,North Gaylord Stade,52989,ShieldsCruickshankbergJersey,581
582,New Mechelle Stade,72282,SchmittJustinburyAntigua and Barbuda,582
583,North Antonia Stade,40173,WizaBarneylandLebanon,583
584,North Trey Stade,9332,KonopelskiEast LeonilaHeard Island and McDonald Islands,584
585,Tyroneport Stade,90439,RusselLake EmeryburghCape Verde,585
586,Creminside Stade,8830,HamillLake JessemouthSao Tome and Principe,586
587,South Octavioview Stade,28128,HandSimonisstadTurkey,587
588,East Dianne Stade,25930,RueckerNew JeanfurtPeru,588
589,Grahamside Stade,11617,SchusterNathanielsideUzbekistan,589
590,East Pamelialand Stade,27152,GreenElouisefurtChina,590
591,Vernberg Stade,6212,DoyleMarguritevilleIsle of Man,591
592,Bergnaumtown Stade,19150,SatterfieldYundttonMauritius,592
593,South Eufemia Stade,43598,HalvorsonNorth DahliatownIceland,593
594,New Almaport Stade,40393,WatersVasilikiburghVietnam,594
595,Amadoburgh Stade,26262,BalistreriPort RudolphLibyan Arab Jamahiriya,595
596,Kandacestad Stade,49425,SanfordCummeratafortMacao,596
597,New Collette Stade,76964,GusikowskiIlonaburghBelarus,597
598,Ignacioport Stade,33002,KshlerinWest NubiaSlovakia (Slovak Republic),598
599,Elidiaton Stade,69699,BeerWest PeterIsle of Man,599
600,West Glenna Stade,44819,KohlerMorarchesterCayman Islands,600
601,Sandafurt Stade,23205,HuelWest JaysonchesterVirgin Islands, British,601
602,Port Coriview Stade,37384,AbbottNew EmersonIsle of Man,602
603,New Yolandostad Stade,99712,JaskolskiCristalhavenSan Marino,603
604,Janycefort Stade,82701,SchultzJacobsonshireCyprus,604
605,New Hye Stade,43350,WiegandMohrboroughIran,605
606,Leannonborough Stade,8868,HilllWest KiethviewGhana,606
607,West Clint Stade,26003,LefflerPauceklandCook Islands,607
608,Port Leannville Stade,57593,GreenholtDickensboroughCote d'Ivoire,608
609,Treyview Stade,26769,RunolfsdottirPowlowskishireGambia,609
610,Konopelskitown Stade,31879,FramiWest LeraKazakhstan,610
611,Melvinview Stade,70176,BinsPort LouiseSvalbard & Jan Mayen Islands,611
612,Port Clementside Stade,39137,MooreSherleneburyBenin,612
613,Cedricshire Stade,87593,BednarEast DennyburghMoldova,613
614,Lake Cathyton Stade,6830,HamillSouth ArmidaburyGuatemala,614
615,Kuvalischester Stade,4551,ManteWest ChanceBouvet Island (Bouvetoya),615
616,Megganchester Stade,42349,OberbrunnerBoylevilleMarshall Islands,616
617,New Jonview Stade,83237,HaleyLake OllieIndonesia,617
618,North Basilia Stade,68755,KrajcikJohnstonboroughWestern Sahara,618
619,New Marcos Stade,13338,VonWest BrigidMadagascar,619
620,New Tenesha Stade,74098,ThielZemlakmouthFinland,620
621,North Demetrice Stade,43901,ReingerEast WillmouthChina,621
622,Roobhaven Stade,81501,KuphalBartonbergMontserrat,622
623,New Bobbyfurt Stade,57102,BergnaumHarberboroughUnited States of America,623
624,North Andre Stade,40313,ChristiansenTaylorburyTokelau,624
625,Johnieland Stade,89251,CronaPort RaeannFrench Guiana,625
626,Schaeferchester Stade,15650,BorerNicholemouthAnguilla,626
627,Wizachester Stade,72187,RobertsPort FlorentinaSerbia,627
628,Lake Nganmouth Stade,5800,OberbrunnerGreentownMauritius,628
629,Charlesport Stade,92498,CreminAbrahamburghGuernsey,629
630,Port Ricky Stade,2368,RoweSouth ElidiaSierra Leone,630
631,Lake Everettmouth Stade,52811,O'ConnellDaughertystadLebanon,631
632,Port Alison Stade,29381,KoelpinBreitenbergsideChad,632
633,Gregbury Stade,15870,EbertWest AlmastadKenya,633
634,New Grover Stade,86498,LegrosNorth EmmanuelKenya,634
635,Kaceyview Stade,46409,HesselEast MarylintonLebanon,635
636,Crooksshire Stade,55479,FadelArmstrongmouthSaint Barthelemy,636
637,Noemihaven Stade,20795,CorkerySouth ThomasinavillePalau,637
638,Gutmannfort Stade,3939,LockmanGerholdburghSuriname,638
639,Naderstad Stade,6231,HansenPort EmilioEl Salvador,639
640,Wuckertshire Stade,87076,SchoenPort VashtistadFinland,640
641,Keeshafort Stade,43514,JacobsWest KiyokoNiue,641
642,New Meri Stade,50732,LangoshFernandomouthMali,642
643,East Emikoport Stade,90758,RennerHauckfortGabon,643
644,Victorborough Stade,53101,McGlynnKonopelskitonFrance,644
645,North Mignonville Stade,38414,ConnellyAdanstadMalta,645
646,North Karisa Stade,83477,KreigerLegrosburghFaroe Islands,646
647,Baumbachville Stade,6157,ChristiansenLuellaviewGreece,647
648,North Brainstad Stade,15446,JacobsonSidsideBosnia and Herzegovina,648
649,Lake Beckieport Stade,30473,HyattSouth ElayneGreece,649
650,West Marcela Stade,60241,KlingEast DominiqueburyTimor-Leste,650
651,West Breanneside Stade,12279,KemmerNorth AbelandTurkmenistan,651
652,East Mellie Stade,29398,RosenbaumPort ShaunboroughGambia,652
653,New Reubenside Stade,8470,TerryZboncaksideMali,653
654,West Ashleachester Stade,23123,AbshireBurttonPoland,654
655,Bahringermouth Stade,60992,ZemlakNorth AgustinaRussian Federation,655
656,Fisherside Stade,38029,PaucekRosalinaportUnited States of America,656
657,North Valorieside Stade,13630,KirlinWest KaycefurtParaguay,657
658,Kuhlmantown Stade,37835,VeumLake SantiagotownSaint Helena,658
659,Carissaborough Stade,37484,HandSharonsideBosnia and Herzegovina,659
660,South Lizziebury Stade,30716,ZulaufEast IsaiasviewChristmas Island,660
661,South Wanita Stade,24460,AbbottPort SuzannaportIceland,661
662,Port Terrellland Stade,31321,HoweJohnsstadTrinidad and Tobago,662
663,North Bernardoview Stade,20556,BartellPricevillePortugal,663
664,West Corinna Stade,77219,BrownDeirdretonCanada,664
665,Douglasberg Stade,86088,RogahnFelicidadmouthSamoa,665
666,West Wenberg Stade,90060,BauchNorth LeighaSamoa,666
667,Rennerland Stade,9575,BeierLake WilletteBotswana,667
668,East Jettiemouth Stade,31819,TurnerNickboroughIraq,668
669,West Markside Stade,8058,BeattyWelchtonSaint Martin,669
670,Vandervortmouth Stade,75178,OlsonGreenholtmouthKyrgyz Republic,670
671,Collierton Stade,85062,KundeEast KamalaviewAntarctica (the territory South of 60 deg S),671
672,Raufort Stade,2840,MedhurstWest DemetriussideCape Verde,672
673,New Valentinefort Stade,1808,UptonModestosideIsrael,673
674,Millertown Stade,80407,TorphyCollinshavenTurkey,674
675,South Sally Stade,7797,MuellerJaynefurtEcuador,675
676,Apoloniastad Stade,58078,CummerataBergnaumportParaguay,676
677,Quentintown Stade,12315,RomagueraDesireburghMicronesia,677
678,Mertzburgh Stade,64539,WilkinsonDibbertfortEstonia,678
679,West Xavierchester Stade,15938,LindgrenNew EtheleneKenya,679
680,South Marlin Stade,62111,PollichIsaiastonGreece,680
681,Grahammouth Stade,56618,RobelMerriboroughCroatia,681
682,Koelpinstad Stade,79315,HaleyPort KaseyboroughSwitzerland,682
683,Braunville Stade,70665,MertzPort KeithaboroughMorocco,683
684,Feestville Stade,64659,KossCalistavilleGuadeloupe,684
685,Port Waishire Stade,67470,HeathcoteNitatownBelgium,685
686,Dorenefort Stade,22779,MayertQuigleyfortIndonesia,686
687,South Lyndsey Stade,71694,GreenholtNew TerresaBrazil,687
688,Port Kingtown Stade,43336,CarrollWest HueySomalia,688
689,Tyronemouth Stade,89377,ZemlakBeierchesterFiji,689
690,New Monte Stade,8801,LebsackAlonsofurtTurkmenistan,690
691,West Marty Stade,72594,HammesWest PhilfurtDenmark,691
692,North Vashti Stade,72342,BruenKertzmannmouthFrench Guiana,692
693,Millsbury Stade,39311,GutkowskiEast KrissyIndonesia,693
694,Lake Arnoldton Stade,34116,LeschSchultztownBouvet Island (Bouvetoya),694
695,Enochbury Stade,11182,TreutelBlaketownFalkland Islands (Malvinas),695
696,Strackeburgh Stade,51696,BednarSouth SharleenChristmas Island,696
697,Port Christel Stade,17907,ParisianLake ChereBrunei Darussalam,697
698,West Damarisport Stade,65670,BauchSanghavenHaiti,698
699,Huelsville Stade,19197,GoodwinChongmouthMongolia,699
700,Mervinton Stade,30967,DibbertNorth NatividadshireNorway,700
701,North Mathaburgh Stade,78028,TillmanProsaccostadVanuatu,701
702,Port Benedict Stade,83137,BauchWest ReynaldaboroughUnited Arab Emirates,702
703,Port Princeburgh Stade,67721,LefflerJakubowskitownGibraltar,703
704,Dickland Stade,84624,HeidenreichIgnaciofortNamibia,704
705,Ardelleburgh Stade,15756,MohrPort KaiboroughSierra Leone,705
706,New Carrolborough Stade,30200,BergnaumBartolettilandFinland,706
707,Port Madalene Stade,54922,BaileyWest RenaSaint Lucia,707
708,Windlershire Stade,90368,RiceWindlerstadBolivia,708
709,Vilmaland Stade,6201,FritschNew SukmouthVenezuela,709
710,Heidenreichberg Stade,66927,GloverWest TyreehavenMonaco,710
711,Kerlukeshire Stade,17316,LoweHowellchesterNorfolk Island,711
712,East Dino Stade,6706,KuhicAndyburyVirgin Islands, British,712
713,Samuelburgh Stade,90125,WalterKevenburghLiberia,713
714,West Ismaelfurt Stade,53662,AbbottLebsackfortFrance,714
715,Port Jessiemouth Stade,49815,SchoenNew AlfredviewPeru,715
716,Gustavochester Stade,70416,WillNew CaterinastadEcuador,716
717,Dwanaland Stade,30383,CollierArmstronghavenAntarctica (the territory South of 60 deg S),717
718,West Edgarfort Stade,4589,McLaughlinLebsackvilleSaint Lucia,718
719,East Susannhaven Stade,8303,KautzerEmersonviewEl Salvador,719
720,Domoniquefort Stade,17087,HuelEast RobbieEthiopia,720
721,Jannetmouth Stade,34356,McGlynnLynchburyGuernsey,721
722,Flatleyburgh Stade,79080,WilliamsonWest TodfurtTurkey,722
723,Vonberg Stade,27458,SchneiderSouth HalhavenQatar,723
724,Rigobertoton Stade,54135,ChristiansenChamplinvilleSingapore,724
725,Lubowitztown Stade,20614,TorphyConroyburyGermany,725
726,West Rodney Stade,53873,HarrisNew JeroldlandNetherlands,726
727,Greenchester Stade,12418,BlickGrimestownEquatorial Guinea,727
728,Sheltonmouth Stade,84145,GorczanyMariaburghSouth Africa,728
729,East Pearline Stade,61360,BlickBernardohavenUganda,729
730,Kevinshire Stade,42239,KuhnPort AlfonsobergLatvia,730
731,Meldaport Stade,37885,MorissetteMalcomburghSwaziland,731
732,Chanelleburgh Stade,21810,HyattLake PatricialandKiribati,732
733,Port Larrychester Stade,17267,SkilesHackettchesterTonga,733
734,Scottietown Stade,20365,HansenWest TamikaGrenada,734
735,Trishview Stade,25996,CassinTaylorsideKyrgyz Republic,735
736,South Jacquelyne Stade,22642,HellerHeaneyboroughMalawi,736
737,Connton Stade,18488,CormierLeofortKiribati,737
738,West Ellynborough Stade,65513,BorerWest HeidyGhana,738
739,Lindgrenland Stade,31142,KoelpinLake WhitleyUganda,739
740,South Colby Stade,15874,ReillyPort RaleighGreenland,740
741,New Charlynberg Stade,14220,AnkundingEast EdmondhavenNiger,741
742,Bechtelartown Stade,9421,WalshEast DeetownMyanmar,742
743,Gleasonfort Stade,77591,TreutelMilfordbergNigeria,743
744,North Maudeberg Stade,51866,RoobEmeryhavenBahamas,744
745,Abernathyberg Stade,85738,LarsonSouth MarvinIran,745
746,Beaulahport Stade,33743,WestMarylynnmouthHaiti,746
747,West Oneida Stade,90906,BaileyHerlindamouthCambodia,747
748,East Consuelo Stade,46058,RoweLake LaurenceUnited States Minor Outlying Islands,748
749,Port Zachery Stade,81702,HettingerBarrowsburghGuinea-Bissau,749
750,Krajcikbury Stade,53670,HintzBeatricechesterNigeria,750
751,North Aideside Stade,36032,SchneiderCollierfortAndorra,751
752,New Dillon Stade,39835,BoganBarbarfurtTokelau,752
753,Lake Avril Stade,58563,ThompsonLucillaburghMicronesia,753
754,East Williamview Stade,16086,RempelEast DouglassvilleDominican Republic,754
755,Bethannmouth Stade,63897,WillmsHirthestadBrazil,755
756,Curthaven Stade,80608,LindgrenFeestvilleHong Kong,756
757,West Meagan Stade,25617,AbshireNew MarilynnvilleEcuador,757
758,New Danika Stade,92137,WisokyEast AshleighshireUnited Arab Emirates,758
759,Jenkinsberg Stade,77123,StarkLake AilenebergNorway,759
760,East Jude Stade,31937,LockmanSouth ChadstadPapua New Guinea,760
761,North Chinfurt Stade,54744,KutchLeishatownItaly,761
762,Kertzmannchester Stade,54370,TorpGulgowskiboroughRussian Federation,762
763,West Curtiston Stade,92786,StromanNew OdessaburySan Marino,763
764,Rodrickchester Stade,33714,HerzogStefanyfortTurkey,764
765,Heaneyfort Stade,88361,MosciskiDudleyportTimor-Leste,765
766,Federicostad Stade,70854,LeschLake OlivaUganda,766
767,Ziemeland Stade,98506,CristLuthermouthBouvet Island (Bouvetoya),767
768,Merrillbury Stade,28884,SchmittRamiroviewJersey,768
769,North Cariland Stade,88899,BernierNorth ElizebethportBotswana,769
770,Lemkeberg Stade,51796,GoldnerJulianevilleMacao,770
771,Kuhicmouth Stade,91933,HuelHomenickmouthFrance,771
772,Grahamburgh Stade,8628,ZemlakLake JenellMyanmar,772
773,New Neva Stade,88133,RobelJaneantonZimbabwe,773
774,Erwinfort Stade,75687,WizaEast CarloburghCuba,774
775,New Damion Stade,31568,MoenSouth RoselineportBahrain,775
776,Williamsonmouth Stade,49838,McClureWest CharlynstadSaint Pierre and Miquelon,776
777,Andersonberg Stade,42868,AbbottGaleportMacedonia,777
778,Loweshire Stade,36066,KozeyMohammadlandGuinea,778
779,East Paolashire Stade,82993,HintzTimothyhavenSvalbard & Jan Mayen Islands,779
780,Carmelinaview Stade,16001,UptonHyattmouthVietnam,780
781,West Dian Stade,81009,HettingerNorth KareemVirgin Islands, British,781
782,West Shebastad Stade,77200,HellerSouth RoyceBahamas,782
783,Lake Tamica Stade,26817,KerlukeRippinviewHungary,783
784,New Patsy Stade,56355,LittelSpencertownLithuania,784
785,Glaydsburgh Stade,82487,BoyleLake DongtonMongolia,785
786,Byronland Stade,7779,McLaughlinMaudfortYemen,786
787,Kerluketon Stade,27563,FriesenHamillportNetherlands,787
788,Lindsayburgh Stade,72605,HahnSouth LandonVietnam,788
789,North Leonidaland Stade,59734,GrantKurttownSouth Georgia and the South Sandwich Islands,789
790,Schmidtville Stade,70315,SimonisNew EtheleneSouth Georgia and the South Sandwich Islands,790
791,New Luis Stade,98345,LegrosEast WallacefurtSweden,791
792,Elliottfort Stade,54786,ZboncakStaceychesterKazakhstan,792
793,New Zelma Stade,6432,ConroyWest NathanielshireDenmark,793
794,Minmouth Stade,46780,KonopelskiNew RaisasideOman,794
795,South Meridethborough Stade,86808,HeidenreichPort JesseboroughSaint Lucia,795
796,Davisland Stade,38883,AbbottSouth GregorioOman,796
797,East Cristi Stade,30384,PowlowskiDorseyburyMonaco,797
798,Prestontown Stade,65601,SchmidtLeighviewGibraltar,798
799,Port Beckimouth Stade,25473,WisozkPort LienboroughSaint Vincent and the Grenadines,799
800,North Leonia Stade,38618,O'ConnerLake NevillehavenSyrian Arab Republic,800
